Source,Target,Type,Id,Label,timeset,Weight
237760832,6490104,Undirected,71672,,,1
237760832,10873146,Undirected,71673,,,1
237760832,36102348,Undirected,71674,,,1
237760832,36756507,Undirected,71675,,,1
237760832,72958115,Undirected,71676,,,1
237760832,218711918,Undirected,71677,,,1
237760832,116582327,Undirected,71678,,,1
237760832,195488384,Undirected,71679,,,1
237760832,169422154,Undirected,71680,,,1
237760832,484388586,Undirected,71681,,,1
237760832,170628011,Undirected,71682,,,1
237760832,71883143,Undirected,71683,,,1
237760832,202349671,Undirected,71684,,,1
225023203,53093763,Undirected,71685,,,1
225023203,104467153,Undirected,71686,,,1
225023203,130229441,Undirected,71687,,,1
225023203,138226638,Undirected,71688,,,1
225023203,145979409,Undirected,71689,,,1
225023203,168203826,Undirected,71690,,,1
225023203,210386436,Undirected,71691,,,1
225023203,272217186,Undirected,71692,,,1
225023203,326193480,Undirected,71693,,,1
225023203,339992367,Undirected,71694,,,1
225023203,358001736,Undirected,71695,,,1
225023203,559363887,Undirected,71696,,,1
144779682,122770041,Undirected,71697,,,1
144779682,40362866,Undirected,71698,,,1
144779682,56906038,Undirected,71699,,,1
144779682,58199696,Undirected,71700,,,1
144779682,67863405,Undirected,71701,,,1
144779682,70075646,Undirected,71702,,,1
144779682,71883143,Undirected,71703,,,1
144779682,72958115,Undirected,71704,,,1
144779682,82210732,Undirected,71705,,,1
144779682,136208885,Undirected,71706,,,1
144779682,237339816,Undirected,71707,,,1
144779682,135161208,Undirected,71708,,,1
144779682,139118476,Undirected,71709,,,1
144779682,88567308,Undirected,71710,,,1
144779682,207080978,Undirected,71711,,,1
144779682,252875074,Undirected,71712,,,1
144779682,170628011,Undirected,71713,,,1
144779682,184710120,Undirected,71714,,,1
144779682,133913319,Undirected,71715,,,1
144779682,268352745,Undirected,71716,,,1
144779682,152362221,Undirected,71717,,,1
144779682,220200611,Undirected,71718,,,1
144779682,335195107,Undirected,71719,,,1
120695441,7212979,Undirected,71720,,,1
120695441,59818261,Undirected,71721,,,1
120695441,92060343,Undirected,71722,,,1
120695441,92782254,Undirected,71723,,,1
120695441,134863454,Undirected,71724,,,1
120695441,135446161,Undirected,71725,,,1
120695441,138226638,Undirected,71726,,,1
120695441,138669928,Undirected,71727,,,1
120695441,142632180,Undirected,71728,,,1
120695441,143058833,Undirected,71729,,,1
120695441,145993464,Undirected,71730,,,1
120695441,156790498,Undirected,71731,,,1
120695441,172208616,Undirected,71732,,,1
120695441,275146452,Undirected,71733,,,1
173760548,53093763,Undirected,71734,,,1
173760548,66953272,Undirected,71735,,,1
173760548,88620017,Undirected,71736,,,1
173760548,44784586,Undirected,71737,,,1
173760548,47862023,Undirected,71738,,,1
173760548,70075646,Undirected,71739,,,1
173760548,73260737,Undirected,71740,,,1
173760548,73272828,Undirected,71741,,,1
173760548,79619063,Undirected,71742,,,1
173760548,82210732,Undirected,71743,,,1
173760548,90432991,Undirected,71744,,,1
173760548,102318620,Undirected,71745,,,1
173760548,165470998,Undirected,71746,,,1
173760548,115951892,Undirected,71747,,,1
173760548,135892323,Undirected,71748,,,1
173760548,153204015,Undirected,71749,,,1
173760548,169891746,Undirected,71750,,,1
173760548,205445869,Undirected,71751,,,1
184710120,53093763,Undirected,71752,,,1
184710120,130229441,Undirected,71753,,,1
184710120,138226638,Undirected,71754,,,1
184710120,142632180,Undirected,71755,,,1
184710120,151978478,Undirected,71756,,,1
184710120,159945012,Undirected,71757,,,1
184710120,163730915,Undirected,71758,,,1
184710120,167028125,Undirected,71759,,,1
184710120,174582691,Undirected,71760,,,1
184710120,176018059,Undirected,71761,,,1
184710120,177974964,Undirected,71762,,,1
184710120,188988354,Undirected,71763,,,1
184710120,266927028,Undirected,71764,,,1
184710120,280525658,Undirected,71765,,,1
184710120,293400897,Undirected,71766,,,1
184710120,344955930,Undirected,71767,,,1
184710120,363112213,Undirected,71768,,,1
184710120,516746519,Undirected,71769,,,1
59818261,67404479,Undirected,71770,,,1
59818261,40362866,Undirected,71771,,,1
59818261,237339816,Undirected,71772,,,1
59818261,135161208,Undirected,71773,,,1
59818261,139118476,Undirected,71774,,,1
59818261,16132186,Undirected,71775,,,1
59818261,120179319,Undirected,71776,,,1
59818261,135834460,Undirected,71777,,,1
59818261,65875061,Undirected,71778,,,1
59818261,58199696,Undirected,71779,,,1
59818261,54251725,Undirected,71780,,,1
59818261,47862023,Undirected,71781,,,1
59818261,56906038,Undirected,71782,,,1
59818261,54588236,Undirected,71783,,,1
59818261,73815532,Undirected,71784,,,1
59818261,112752674,Undirected,71785,,,1
59818261,71883143,Undirected,71786,,,1
59818261,49887802,Undirected,71787,,,1
59818261,205445869,Undirected,71788,,,1
59818261,44784586,Undirected,71789,,,1
59818261,53607529,Undirected,71790,,,1
59818261,67452079,Undirected,71791,,,1
59818261,121715946,Undirected,71792,,,1
59818261,315719045,Undirected,71793,,,1
59818261,91115645,Undirected,71794,,,1
59818261,145993464,Undirected,71795,,,1
59818261,152288751,Undirected,71796,,,1
59818261,272217186,Undirected,71797,,,1
59818261,275146452,Undirected,71798,,,1
176018059,10873146,Undirected,71799,,,1
176018059,36102348,Undirected,71800,,,1
176018059,194331076,Undirected,71801,,,1
176018059,116582327,Undirected,71802,,,1
176018059,65875061,Undirected,71803,,,1
176018059,112463747,Undirected,71804,,,1
176018059,209041156,Undirected,71805,,,1
176018059,71883143,Undirected,71806,,,1
176018059,133913319,Undirected,71807,,,1
176018059,202349671,Undirected,71808,,,1
144027460,53093763,Undirected,71809,,,1
144027460,130229441,Undirected,71810,,,1
144027460,135193637,Undirected,71811,,,1
144027460,142632180,Undirected,71812,,,1
144027460,159945012,Undirected,71813,,,1
144027460,516746519,Undirected,71814,,,1
144027460,534882288,Undirected,71815,,,1
144027460,557164485,Undirected,71816,,,1
144027460,559363887,Undirected,71817,,,1
144027460,566157702,Undirected,71818,,,1
144027460,574579093,Undirected,71819,,,1
196166357,66953272,Undirected,71820,,,1
196166357,135193637,Undirected,71821,,,1
196166357,135446161,Undirected,71822,,,1
196166357,138226638,Undirected,71823,,,1
196166357,141670707,Undirected,71824,,,1
196166357,145379012,Undirected,71825,,,1
196166357,151886584,Undirected,71826,,,1
196166357,163730915,Undirected,71827,,,1
196166357,177016597,Undirected,71828,,,1
196166357,182793830,Undirected,71829,,,1
196166357,217092999,Undirected,71830,,,1
196166357,240804007,Undirected,71831,,,1
159945012,6490104,Undirected,71832,,,1
159945012,10873146,Undirected,71833,,,1
159945012,36102348,Undirected,71834,,,1
159945012,36756507,Undirected,71835,,,1
159945012,72958115,Undirected,71836,,,1
159945012,489373999,Undirected,71837,,,1
159945012,67404479,Undirected,71838,,,1
159945012,520864481,Undirected,71839,,,1
159945012,139118476,Undirected,71840,,,1
159945012,108180241,Undirected,71841,,,1
159945012,54588236,Undirected,71842,,,1
159945012,71883143,Undirected,71843,,,1
159945012,205445869,Undirected,71844,,,1
159945012,44784586,Undirected,71845,,,1
200208668,10447459,Undirected,71846,,,1
200208668,71883143,Undirected,71847,,,1
200208668,72958115,Undirected,71848,,,1
200208668,237339816,Undirected,71849,,,1
200208668,165479849,Undirected,71850,,,1
200208668,218711918,Undirected,71851,,,1
200208668,255355694,Undirected,71852,,,1
200208668,169422154,Undirected,71853,,,1
200208668,484388586,Undirected,71854,,,1
200208668,170628011,Undirected,71855,,,1
200208668,169891746,Undirected,71856,,,1
200208668,167894811,Undirected,71857,,,1
202349671,6490104,Undirected,71858,,,1
202349671,104467153,Undirected,71859,,,1
202349671,122770041,Undirected,71860,,,1
202349671,142632180,Undirected,71861,,,1
202349671,163730915,Undirected,71862,,,1
202349671,174093998,Undirected,71863,,,1
202349671,174582691,Undirected,71864,,,1
202349671,177974964,Undirected,71865,,,1
202349671,188988354,Undirected,71866,,,1
202349671,205335204,Undirected,71867,,,1
202349671,266927028,Undirected,71868,,,1
202349671,280525658,Undirected,71869,,,1
202349671,344955930,Undirected,71870,,,1
202349671,363112213,Undirected,71871,,,1
202349671,371326720,Undirected,71872,,,1
202349671,397653550,Undirected,71873,,,1
58199696,7212979,Undirected,71874,,,1
58199696,53093763,Undirected,71875,,,1
58199696,66953272,Undirected,71876,,,1
58199696,75635939,Undirected,71877,,,1
58199696,92060343,Undirected,71878,,,1
58199696,92782254,Undirected,71879,,,1
58199696,131355690,Undirected,71880,,,1
58199696,135446161,Undirected,71881,,,1
58199696,137948605,Undirected,71882,,,1
58199696,138669928,Undirected,71883,,,1
58199696,142632180,Undirected,71884,,,1
58199696,144031816,Undirected,71885,,,1
58199696,145379012,Undirected,71886,,,1
58199696,145979409,Undirected,71887,,,1
58199696,145993464,Undirected,71888,,,1
58199696,151978478,Undirected,71889,,,1
58199696,152288751,Undirected,71890,,,1
58199696,163730915,Undirected,71891,,,1
58199696,172208616,Undirected,71892,,,1
58199696,174085735,Undirected,71893,,,1
58199696,174093998,Undirected,71894,,,1
58199696,174582691,Undirected,71895,,,1
58199696,181629825,Undirected,71896,,,1
58199696,182793830,Undirected,71897,,,1
58199696,216421160,Undirected,71898,,,1
58199696,219127512,Undirected,71899,,,1
6490104,10447459,Undirected,71900,,,1
6490104,10873146,Undirected,71901,,,1
6490104,72958115,Undirected,71902,,,1
6490104,489373999,Undirected,71903,,,1
6490104,236922007,Undirected,71904,,,1
6490104,165479849,Undirected,71905,,,1
6490104,151725827,Undirected,71906,,,1
6490104,112463747,Undirected,71907,,,1
6490104,24547229,Undirected,71908,,,1
6490104,108180241,Undirected,71909,,,1
6490104,54588236,Undirected,71910,,,1
6490104,537728627,Undirected,71911,,,1
6490104,169891746,Undirected,71912,,,1
6490104,71883143,Undirected,71913,,,1
6490104,205445869,Undirected,71914,,,1
6490104,163420963,Undirected,71915,,,1
6490104,36756507,Undirected,71916,,,1
6490104,152362221,Undirected,71917,,,1
6490104,130229441,Undirected,71918,,,1
6490104,142632180,Undirected,71919,,,1
6490104,151886584,Undirected,71920,,,1
6490104,210386436,Undirected,71921,,,1
6490104,283089883,Undirected,71922,,,1
6490104,303095365,Undirected,71923,,,1
6490104,319865057,Undirected,71924,,,1
6490104,344955930,Undirected,71925,,,1
6490104,382528021,Undirected,71926,,,1
6490104,406955770,Undirected,71927,,,1
6490104,485624626,Undirected,71928,,,1
6490104,516746519,Undirected,71929,,,1
6490104,559363887,Undirected,71930,,,1
6490104,566157702,Undirected,71931,,,1
6490104,574579093,Undirected,71932,,,1
319865057,53093763,Undirected,71933,,,1
319865057,2455124,Undirected,71934,,,1
319865057,10447459,Undirected,71935,,,1
319865057,10663212,Undirected,71936,,,1
319865057,24547229,Undirected,71937,,,1
319865057,54588236,Undirected,71938,,,1
319865057,72958115,Undirected,71939,,,1
319865057,341065906,Undirected,71940,,,1
319865057,489373999,Undirected,71941,,,1
319865057,520864481,Undirected,71942,,,1
319865057,165470998,Undirected,71943,,,1
319865057,292259093,Undirected,71944,,,1
319865057,318186982,Undirected,71945,,,1
319865057,251586126,Undirected,71946,,,1
319865057,255355694,Undirected,71947,,,1
319865057,455388163,Undirected,71948,,,1
319865057,311807631,Undirected,71949,,,1
319865057,112463747,Undirected,71950,,,1
319865057,219738802,Undirected,71951,,,1
319865057,537728627,Undirected,71952,,,1
170628011,122770041,Undirected,71953,,,1
170628011,135193637,Undirected,71954,,,1
170628011,151886584,Undirected,71955,,,1
170628011,188988354,Undirected,71956,,,1
170628011,205335204,Undirected,71957,,,1
170628011,253298082,Undirected,71958,,,1
170628011,266927028,Undirected,71959,,,1
170628011,283089883,Undirected,71960,,,1
170628011,298711059,Undirected,71961,,,1
170628011,335195107,Undirected,71962,,,1
170628011,344955930,Undirected,71963,,,1
170628011,358001736,Undirected,71964,,,1
56906038,94716049,Undirected,71965,,,1
56906038,134863454,Undirected,71966,,,1
56906038,135446161,Undirected,71967,,,1
56906038,138226638,Undirected,71968,,,1
56906038,144031816,Undirected,71969,,,1
56906038,145979409,Undirected,71970,,,1
56906038,156790498,Undirected,71971,,,1
56906038,275146452,Undirected,71972,,,1
195488384,53093763,Undirected,71973,,,1
195488384,104467153,Undirected,71974,,,1
195488384,174093998,Undirected,71975,,,1
195488384,229471806,Undirected,71976,,,1
195488384,240804007,Undirected,71977,,,1
195488384,266927028,Undirected,71978,,,1
195488384,283089883,Undirected,71979,,,1
195488384,339992367,Undirected,71980,,,1
195488384,417693424,Undirected,71981,,,1
139223819,7212979,Undirected,71982,,,1
139223819,64849239,Undirected,71983,,,1
139223819,66953272,Undirected,71984,,,1
139223819,75635939,Undirected,71985,,,1
139223819,92060343,Undirected,71986,,,1
139223819,138226638,Undirected,71987,,,1
139223819,143058833,Undirected,71988,,,1
139223819,144031816,Undirected,71989,,,1
139223819,163730915,Undirected,71990,,,1
139223819,167028125,Undirected,71991,,,1
139223819,172208616,Undirected,71992,,,1
139223819,174085735,Undirected,71993,,,1
139223819,182793830,Undirected,71994,,,1
520864481,10873146,Undirected,71995,,,1
520864481,53093763,Undirected,71996,,,1
520864481,151978478,Undirected,71997,,,1
520864481,167537977,Undirected,71998,,,1
520864481,174093998,Undirected,71999,,,1
520864481,177974964,Undirected,72000,,,1
520864481,210386436,Undirected,72001,,,1
520864481,238984841,Undirected,72002,,,1
520864481,328558533,Undirected,72003,,,1
520864481,382528021,Undirected,72004,,,1
520864481,406955770,Undirected,72005,,,1
520864481,491562338,Undirected,72006,,,1
520864481,492304759,Undirected,72007,,,1
520864481,516746519,Undirected,72008,,,1
520864481,550387844,Undirected,72009,,,1
520864481,552532100,Undirected,72010,,,1
520864481,553990976,Undirected,72011,,,1
520864481,559363887,Undirected,72012,,,1
520864481,566157702,Undirected,72013,,,1
484388586,104467153,Undirected,72014,,,1
484388586,122770041,Undirected,72015,,,1
484388586,130229441,Undirected,72016,,,1
484388586,142632180,Undirected,72017,,,1
484388586,174093998,Undirected,72018,,,1
484388586,188988354,Undirected,72019,,,1
484388586,205335204,Undirected,72020,,,1
484388586,266927028,Undirected,72021,,,1
484388586,272217186,Undirected,72022,,,1
484388586,280525658,Undirected,72023,,,1
484388586,283089883,Undirected,72024,,,1
484388586,335195107,Undirected,72025,,,1
484388586,358001736,Undirected,72026,,,1
484388586,363112213,Undirected,72027,,,1
484388586,485624626,Undirected,72028,,,1
53093763,72958115,Undirected,72029,,,1
53093763,36102348,Undirected,72030,,,1
53093763,489373999,Undirected,72031,,,1
53093763,40362866,Undirected,72032,,,1
53093763,79619063,Undirected,72033,,,1
53093763,237339816,Undirected,72034,,,1
53093763,135161208,Undirected,72035,,,1
53093763,165479849,Undirected,72036,,,1
53093763,318186982,Undirected,72037,,,1
53093763,16132186,Undirected,72038,,,1
53093763,135892323,Undirected,72039,,,1
53093763,73272828,Undirected,72040,,,1
53093763,24547229,Undirected,72041,,,1
53093763,82210732,Undirected,72042,,,1
53093763,54251725,Undirected,72043,,,1
53093763,47862023,Undirected,72044,,,1
53093763,537728627,Undirected,72045,,,1
53093763,169891746,Undirected,72046,,,1
53093763,71883143,Undirected,72047,,,1
53093763,205445869,Undirected,72048,,,1
53093763,163420963,Undirected,72049,,,1
53093763,36756507,Undirected,72050,,,1
53093763,53607529,Undirected,72051,,,1
53093763,121715946,Undirected,72052,,,1
53093763,65109381,Undirected,72053,,,1
53093763,238435946,Undirected,72054,,,1
53093763,73260737,Undirected,72055,,,1
53093763,57843405,Undirected,72056,,,1
53093763,88620017,Undirected,72057,,,1
53093763,131355690,Undirected,72058,,,1
53093763,168203826,Undirected,72059,,,1
53093763,174582691,Undirected,72060,,,1
53093763,181629825,Undirected,72061,,,1
53093763,210386436,Undirected,72062,,,1
53093763,216421160,Undirected,72063,,,1
53093763,217092999,Undirected,72064,,,1
53093763,301336888,Undirected,72065,,,1
72958115,10873146,Undirected,72066,,,1
72958115,88620017,Undirected,72067,,,1
72958115,92060343,Undirected,72068,,,1
72958115,104467153,Undirected,72069,,,1
72958115,130229441,Undirected,72070,,,1
72958115,131355690,Undirected,72071,,,1
72958115,134863454,Undirected,72072,,,1
72958115,135446161,Undirected,72073,,,1
72958115,137948605,Undirected,72074,,,1
72958115,138226638,Undirected,72075,,,1
72958115,142632180,Undirected,72076,,,1
72958115,145379012,Undirected,72077,,,1
72958115,145979409,Undirected,72078,,,1
72958115,151886584,Undirected,72079,,,1
72958115,168203826,Undirected,72080,,,1
72958115,174093998,Undirected,72081,,,1
72958115,174582691,Undirected,72082,,,1
72958115,181629825,Undirected,72083,,,1
72958115,182793830,Undirected,72084,,,1
72958115,188988354,Undirected,72085,,,1
72958115,205335204,Undirected,72086,,,1
72958115,210386436,Undirected,72087,,,1
72958115,216421160,Undirected,72088,,,1
72958115,238984841,Undirected,72089,,,1
72958115,246481542,Undirected,72090,,,1
72958115,253298082,Undirected,72091,,,1
72958115,253897034,Undirected,72092,,,1
72958115,266927028,Undirected,72093,,,1
72958115,272217186,Undirected,72094,,,1
72958115,280525658,Undirected,72095,,,1
72958115,283089883,Undirected,72096,,,1
72958115,286118912,Undirected,72097,,,1
72958115,298711059,Undirected,72098,,,1
72958115,303095365,Undirected,72099,,,1
72958115,326169156,Undirected,72100,,,1
72958115,326193480,Undirected,72101,,,1
72958115,328558533,Undirected,72102,,,1
72958115,339992367,Undirected,72103,,,1
72958115,343179231,Undirected,72104,,,1
72958115,344955930,Undirected,72105,,,1
72958115,358001736,Undirected,72106,,,1
72958115,363112213,Undirected,72107,,,1
72958115,371326720,Undirected,72108,,,1
72958115,382528021,Undirected,72109,,,1
72958115,397653550,Undirected,72110,,,1
72958115,417693424,Undirected,72111,,,1
72958115,462671487,Undirected,72112,,,1
72958115,489091135,Undirected,72113,,,1
72958115,491562338,Undirected,72114,,,1
72958115,492304759,Undirected,72115,,,1
72958115,510526195,Undirected,72116,,,1
72958115,516746519,Undirected,72117,,,1
72958115,534882288,Undirected,72118,,,1
72958115,552532100,Undirected,72119,,,1
72958115,553990976,Undirected,72120,,,1
72958115,557164485,Undirected,72121,,,1
72958115,559363887,Undirected,72122,,,1
72958115,566157702,Undirected,72123,,,1
72958115,574579093,Undirected,72124,,,1
397653550,142632180,Undirected,72125,,,1
397653550,168203826,Undirected,72126,,,1
397653550,24547229,Undirected,72127,,,1
397653550,108180241,Undirected,72128,,,1
397653550,126692297,Undirected,72129,,,1
397653550,163420963,Undirected,72130,,,1
397653550,292259093,Undirected,72131,,,1
397653550,318186982,Undirected,72132,,,1
397653550,503138605,Undirected,72133,,,1
397653550,255355694,Undirected,72134,,,1
397653550,455388163,Undirected,72135,,,1
397653550,255085858,Undirected,72136,,,1
397653550,311807631,Undirected,72137,,,1
397653550,296333445,Undirected,72138,,,1
397653550,211194578,Undirected,72139,,,1
90432991,7212979,Undirected,72140,,,1
90432991,64849239,Undirected,72141,,,1
90432991,66953272,Undirected,72142,,,1
90432991,135193637,Undirected,72143,,,1
90432991,135446161,Undirected,72144,,,1
90432991,138226638,Undirected,72145,,,1
90432991,143058833,Undirected,72146,,,1
90432991,152288751,Undirected,72147,,,1
90432991,163730915,Undirected,72148,,,1
90432991,174085735,Undirected,72149,,,1
57843405,82605916,Undirected,72150,,,1
57843405,88620017,Undirected,72151,,,1
57843405,130229441,Undirected,72152,,,1
57843405,131355690,Undirected,72153,,,1
57843405,134863454,Undirected,72154,,,1
57843405,135373721,Undirected,72155,,,1
57843405,138226638,Undirected,72156,,,1
57843405,138669928,Undirected,72157,,,1
57843405,142632180,Undirected,72158,,,1
57843405,172208616,Undirected,72159,,,1
57843405,182793830,Undirected,72160,,,1
57843405,216421160,Undirected,72161,,,1
57843405,219127512,Undirected,72162,,,1
574579093,142632180,Undirected,72163,,,1
574579093,24547229,Undirected,72164,,,1
574579093,36756507,Undirected,72165,,,1
574579093,139133946,Undirected,72166,,,1
574579093,236922007,Undirected,72167,,,1
574579093,169422154,Undirected,72168,,,1
574579093,264670562,Undirected,72169,,,1
574579093,311807631,Undirected,72170,,,1
165470998,82605916,Undirected,72171,,,1
165470998,104467153,Undirected,72172,,,1
165470998,135193637,Undirected,72173,,,1
165470998,167537977,Undirected,72174,,,1
165470998,177974964,Undirected,72175,,,1
165470998,207614125,Undirected,72176,,,1
165470998,217092999,Undirected,72177,,,1
165470998,246134027,Undirected,72178,,,1
165470998,326193480,Undirected,72179,,,1
165470998,363112213,Undirected,72180,,,1
165470998,417693424,Undirected,72181,,,1
292259093,246134027,Undirected,72182,,,1
292259093,253897034,Undirected,72183,,,1
292259093,286118912,Undirected,72184,,,1
292259093,296561587,Undirected,72185,,,1
292259093,326169156,Undirected,72186,,,1
292259093,326193480,Undirected,72187,,,1
292259093,328558533,Undirected,72188,,,1
292259093,371326720,Undirected,72189,,,1
292259093,459013785,Undirected,72190,,,1
292259093,462671487,Undirected,72191,,,1
292259093,492304759,Undirected,72192,,,1
292259093,510526195,Undirected,72193,,,1
292259093,553990976,Undirected,72194,,,1
177016597,10447459,Undirected,72195,,,1
177016597,36756507,Undirected,72196,,,1
177016597,67863405,Undirected,72197,,,1
177016597,71883143,Undirected,72198,,,1
177016597,72511611,Undirected,72199,,,1
177016597,151725827,Undirected,72200,,,1
177016597,143468727,Undirected,72201,,,1
177016597,120179319,Undirected,72202,,,1
177016597,135892323,Undirected,72203,,,1
177016597,252875074,Undirected,72204,,,1
177016597,133913319,Undirected,72205,,,1
177016597,152362221,Undirected,72206,,,1
177016597,220200611,Undirected,72207,,,1
72511611,66953272,Undirected,72208,,,1
72511611,75635939,Undirected,72209,,,1
72511611,135446161,Undirected,72210,,,1
72511611,138226638,Undirected,72211,,,1
72511611,143058833,Undirected,72212,,,1
72511611,152288751,Undirected,72213,,,1
72511611,163730915,Undirected,72214,,,1
72511611,182793830,Undirected,72215,,,1
72511611,217092999,Undirected,72216,,,1
510526195,168203826,Undirected,72217,,,1
510526195,2455124,Undirected,72218,,,1
510526195,126692297,Undirected,72219,,,1
510526195,167894811,Undirected,72220,,,1
510526195,341065906,Undirected,72221,,,1
510526195,237339816,Undirected,72222,,,1
510526195,503138605,Undirected,72223,,,1
510526195,255355694,Undirected,72224,,,1
510526195,255085858,Undirected,72225,,,1
510526195,311807631,Undirected,72226,,,1
510526195,219738802,Undirected,72227,,,1
510526195,211194578,Undirected,72228,,,1
510526195,268352745,Undirected,72229,,,1
167537977,24547229,Undirected,72230,,,1
167537977,54588236,Undirected,72231,,,1
167537977,71883143,Undirected,72232,,,1
167537977,79619063,Undirected,72233,,,1
167537977,194331076,Undirected,72234,,,1
167537977,116582327,Undirected,72235,,,1
167537977,169422154,Undirected,72236,,,1
167537977,209041156,Undirected,72237,,,1
94716049,16132186,Undirected,72238,,,1
94716049,40362866,Undirected,72239,,,1
94716049,116582327,Undirected,72240,,,1
94716049,64073049,Undirected,72241,,,1
94716049,73815532,Undirected,72242,,,1
94716049,112752674,Undirected,72243,,,1
94716049,71883143,Undirected,72244,,,1
94716049,205445869,Undirected,72245,,,1
94716049,121715946,Undirected,72246,,,1
94716049,315719045,Undirected,72247,,,1
94716049,275146452,Undirected,72248,,,1
141670707,66953272,Undirected,72249,,,1
141670707,67863405,Undirected,72250,,,1
141670707,88567308,Undirected,72251,,,1
141670707,136208885,Undirected,72252,,,1
141670707,143468727,Undirected,72253,,,1
141670707,115951892,Undirected,72254,,,1
141670707,120179319,Undirected,72255,,,1
141670707,169891746,Undirected,72256,,,1
141670707,133913319,Undirected,72257,,,1
141670707,205445869,Undirected,72258,,,1
141670707,152362221,Undirected,72259,,,1
141670707,238435946,Undirected,72260,,,1
252875074,7212979,Undirected,72261,,,1
252875074,92060343,Undirected,72262,,,1
252875074,135446161,Undirected,72263,,,1
252875074,138226638,Undirected,72264,,,1
252875074,163730915,Undirected,72265,,,1
252875074,174582691,Undirected,72266,,,1
252875074,182793830,Undirected,72267,,,1
252875074,229471806,Undirected,72268,,,1
252875074,240804007,Undirected,72269,,,1
252875074,266927028,Undirected,72270,,,1
252875074,296561587,Undirected,72271,,,1
252875074,335195107,Undirected,72272,,,1
252875074,559363887,Undirected,72273,,,1
135193637,10447459,Undirected,72274,,,1
135193637,16132186,Undirected,72275,,,1
135193637,194331076,Undirected,72276,,,1
135193637,136208885,Undirected,72277,,,1
135193637,102318620,Undirected,72278,,,1
135193637,67863405,Undirected,72279,,,1
135193637,40362866,Undirected,72280,,,1
135193637,139133946,Undirected,72281,,,1
135193637,237339816,Undirected,72282,,,1
135193637,70075646,Undirected,72283,,,1
135193637,165479849,Undirected,72284,,,1
135193637,151725827,Undirected,72285,,,1
135193637,143468727,Undirected,72286,,,1
135193637,115951892,Undirected,72287,,,1
135193637,503138605,Undirected,72288,,,1
135193637,120179319,Undirected,72289,,,1
135193637,65875061,Undirected,72290,,,1
135193637,169422154,Undirected,72291,,,1
135193637,135892323,Undirected,72292,,,1
135193637,73272828,Undirected,72293,,,1
135193637,88567308,Undirected,72294,,,1
135193637,207080978,Undirected,72295,,,1
135193637,112463747,Undirected,72296,,,1
135193637,153204015,Undirected,72297,,,1
135193637,73815532,Undirected,72298,,,1
135193637,169891746,Undirected,72299,,,1
135193637,71883143,Undirected,72300,,,1
135193637,133913319,Undirected,72301,,,1
135193637,205445869,Undirected,72302,,,1
135193637,44784586,Undirected,72303,,,1
135193637,268352745,Undirected,72304,,,1
135193637,152362221,Undirected,72305,,,1
135193637,315719045,Undirected,72306,,,1
135193637,238435946,Undirected,72307,,,1
219127512,10447459,Undirected,72308,,,1
219127512,102318620,Undirected,72309,,,1
219127512,40362866,Undirected,72310,,,1
219127512,151725827,Undirected,72311,,,1
219127512,115951892,Undirected,72312,,,1
219127512,73272828,Undirected,72313,,,1
219127512,47862023,Undirected,72314,,,1
219127512,153204015,Undirected,72315,,,1
219127512,205445869,Undirected,72316,,,1
219127512,44784586,Undirected,72317,,,1
219127512,36756507,Undirected,72318,,,1
219127512,88096232,Undirected,72319,,,1
219127512,73260737,Undirected,72320,,,1
10873146,489373999,Undirected,72321,,,1
10873146,136208885,Undirected,72322,,,1
10873146,67404479,Undirected,72323,,,1
10873146,236922007,Undirected,72324,,,1
10873146,143468727,Undirected,72325,,,1
10873146,264670562,Undirected,72326,,,1
10873146,311807631,Undirected,72327,,,1
10873146,24547229,Undirected,72328,,,1
10873146,54588236,Undirected,72329,,,1
10873146,71883143,Undirected,72330,,,1
10873146,205445869,Undirected,72331,,,1
10873146,163420963,Undirected,72332,,,1
10873146,36756507,Undirected,72333,,,1
10873146,53607529,Undirected,72334,,,1
10873146,152362221,Undirected,72335,,,1
10873146,238435946,Undirected,72336,,,1
10873146,220200611,Undirected,72337,,,1
10873146,75635939,Undirected,72338,,,1
10873146,145379012,Undirected,72339,,,1
10873146,156790498,Undirected,72340,,,1
10873146,167028125,Undirected,72341,,,1
10873146,168203826,Undirected,72342,,,1
10873146,217092999,Undirected,72343,,,1
10873146,283089883,Undirected,72344,,,1
10873146,303095365,Undirected,72345,,,1
10873146,363112213,Undirected,72346,,,1
10873146,485624626,Undirected,72347,,,1
10873146,516746519,Undirected,72348,,,1
10873146,550387844,Undirected,72349,,,1
10873146,552532100,Undirected,72350,,,1
10873146,566157702,Undirected,72351,,,1
88567308,104467153,Undirected,72352,,,1
88567308,122770041,Undirected,72353,,,1
88567308,142632180,Undirected,72354,,,1
88567308,145379012,Undirected,72355,,,1
88567308,163730915,Undirected,72356,,,1
88567308,167028125,Undirected,72357,,,1
88567308,174093998,Undirected,72358,,,1
88567308,182793830,Undirected,72359,,,1
88567308,335195107,Undirected,72360,,,1
301336888,66953272,Undirected,72361,,,1
301336888,40362866,Undirected,72362,,,1
301336888,47862023,Undirected,72363,,,1
301336888,70075646,Undirected,72364,,,1
301336888,73260737,Undirected,72365,,,1
301336888,73272828,Undirected,72366,,,1
301336888,102318620,Undirected,72367,,,1
301336888,151725827,Undirected,72368,,,1
301336888,153204015,Undirected,72369,,,1
301336888,112752674,Undirected,72370,,,1
301336888,205445869,Undirected,72371,,,1
492304759,2455124,Undirected,72372,,,1
492304759,24547229,Undirected,72373,,,1
492304759,36756507,Undirected,72374,,,1
492304759,108180241,Undirected,72375,,,1
492304759,112463747,Undirected,72376,,,1
492304759,126692297,Undirected,72377,,,1
492304759,341065906,Undirected,72378,,,1
492304759,489373999,Undirected,72379,,,1
492304759,503138605,Undirected,72380,,,1
492304759,255355694,Undirected,72381,,,1
492304759,255085858,Undirected,72382,,,1
492304759,211194578,Undirected,72383,,,1
492304759,163420963,Undirected,72384,,,1
455388163,142632180,Undirected,72385,,,1
455388163,238984841,Undirected,72386,,,1
455388163,246134027,Undirected,72387,,,1
455388163,272217186,Undirected,72388,,,1
455388163,286118912,Undirected,72389,,,1
455388163,326193480,Undirected,72390,,,1
455388163,328558533,Undirected,72391,,,1
455388163,339992367,Undirected,72392,,,1
455388163,343179231,Undirected,72393,,,1
455388163,363654891,Undirected,72394,,,1
455388163,371326720,Undirected,72395,,,1
455388163,382528021,Undirected,72396,,,1
455388163,406955770,Undirected,72397,,,1
455388163,417693424,Undirected,72398,,,1
455388163,459013785,Undirected,72399,,,1
455388163,489091135,Undirected,72400,,,1
79619063,130229441,Undirected,72401,,,1
79619063,131355690,Undirected,72402,,,1
79619063,142632180,Undirected,72403,,,1
79619063,145379012,Undirected,72404,,,1
79619063,151978478,Undirected,72405,,,1
79619063,167028125,Undirected,72406,,,1
79619063,174582691,Undirected,72407,,,1
79619063,177974964,Undirected,72408,,,1
79619063,182793830,Undirected,72409,,,1
79619063,240804007,Undirected,72410,,,1
79619063,293400897,Undirected,72411,,,1
79619063,298711059,Undirected,72412,,,1
79619063,363112213,Undirected,72413,,,1
172208616,7212979,Undirected,72414,,,1
172208616,70492813,Undirected,72415,,,1
172208616,40362866,Undirected,72416,,,1
172208616,16132186,Undirected,72417,,,1
172208616,120179319,Undirected,72418,,,1
172208616,169422154,Undirected,72419,,,1
172208616,64073049,Undirected,72420,,,1
172208616,73272828,Undirected,72421,,,1
172208616,112463747,Undirected,72422,,,1
172208616,73815532,Undirected,72423,,,1
172208616,205445869,Undirected,72424,,,1
172208616,67452079,Undirected,72425,,,1
172208616,121715946,Undirected,72426,,,1
172208616,65109381,Undirected,72427,,,1
240804007,71883143,Undirected,72428,,,1
240804007,194331076,Undirected,72429,,,1
240804007,165479849,Undirected,72430,,,1
240804007,73815532,Undirected,72431,,,1
240804007,209041156,Undirected,72432,,,1
240804007,133913319,Undirected,72433,,,1
240804007,163420963,Undirected,72434,,,1
240804007,246481542,Undirected,72435,,,1
240804007,363654891,Undirected,72436,,,1
240804007,382528021,Undirected,72437,,,1
16132186,7212979,Undirected,72438,,,1
16132186,64849239,Undirected,72439,,,1
16132186,66953272,Undirected,72440,,,1
16132186,82605916,Undirected,72441,,,1
16132186,91115645,Undirected,72442,,,1
16132186,92060343,Undirected,72443,,,1
16132186,92782254,Undirected,72444,,,1
16132186,130229441,Undirected,72445,,,1
16132186,134863454,Undirected,72446,,,1
16132186,135373721,Undirected,72447,,,1
16132186,135446161,Undirected,72448,,,1
16132186,138226638,Undirected,72449,,,1
16132186,138669928,Undirected,72450,,,1
16132186,145979409,Undirected,72451,,,1
16132186,156790498,Undirected,72452,,,1
16132186,182793830,Undirected,72453,,,1
16132186,275146452,Undirected,72454,,,1
16132186,293400897,Undirected,72455,,,1
70075646,66953272,Undirected,72456,,,1
70075646,135373721,Undirected,72457,,,1
70075646,135446161,Undirected,72458,,,1
70075646,144031816,Undirected,72459,,,1
70075646,152288751,Undirected,72460,,,1
70075646,163730915,Undirected,72461,,,1
70075646,167028125,Undirected,72462,,,1
70075646,174085735,Undirected,72463,,,1
70075646,216421160,Undirected,72464,,,1
143468727,66953272,Undirected,72465,,,1
143468727,138226638,Undirected,72466,,,1
143468727,143058833,Undirected,72467,,,1
143468727,144031816,Undirected,72468,,,1
143468727,151886584,Undirected,72469,,,1
143468727,163730915,Undirected,72470,,,1
143468727,167028125,Undirected,72471,,,1
143468727,177494393,Undirected,72472,,,1
143468727,182793830,Undirected,72473,,,1
143468727,217092999,Undirected,72474,,,1
177494393,142632180,Undirected,72475,,,1
177494393,10447459,Undirected,72476,,,1
177494393,71883143,Undirected,72477,,,1
177494393,133913319,Undirected,72478,,,1
177494393,194331076,Undirected,72479,,,1
177494393,218711918,Undirected,72480,,,1
177494393,169422154,Undirected,72481,,,1
177494393,209041156,Undirected,72482,,,1
177494393,169891746,Undirected,72483,,,1
177494393,152362221,Undirected,72484,,,1
293400897,130229441,Undirected,72485,,,1
293400897,10447459,Undirected,72486,,,1
293400897,71883143,Undirected,72487,,,1
293400897,116582327,Undirected,72488,,,1
293400897,194331076,Undirected,72489,,,1
293400897,139133946,Undirected,72490,,,1
293400897,209041156,Undirected,72491,,,1
88096232,66953272,Undirected,72492,,,1
88096232,75635939,Undirected,72493,,,1
88096232,130229441,Undirected,72494,,,1
88096232,131355690,Undirected,72495,,,1
88096232,137948605,Undirected,72496,,,1
88096232,138669928,Undirected,72497,,,1
88096232,142632180,Undirected,72498,,,1
88096232,174093998,Undirected,72499,,,1
88096232,177974964,Undirected,72500,,,1
88096232,181629825,Undirected,72501,,,1
88096232,216421160,Undirected,72502,,,1
88096232,363112213,Undirected,72503,,,1
120179319,7212979,Undirected,72504,,,1
120179319,64849239,Undirected,72505,,,1
120179319,66953272,Undirected,72506,,,1
120179319,75635939,Undirected,72507,,,1
120179319,82605916,Undirected,72508,,,1
120179319,92060343,Undirected,72509,,,1
120179319,92782254,Undirected,72510,,,1
120179319,134863454,Undirected,72511,,,1
120179319,135373721,Undirected,72512,,,1
120179319,135446161,Undirected,72513,,,1
120179319,138226638,Undirected,72514,,,1
120179319,138669928,Undirected,72515,,,1
120179319,142632180,Undirected,72516,,,1
120179319,143058833,Undirected,72517,,,1
120179319,144031816,Undirected,72518,,,1
120179319,145379012,Undirected,72519,,,1
120179319,145993464,Undirected,72520,,,1
120179319,163730915,Undirected,72521,,,1
120179319,167028125,Undirected,72522,,,1
120179319,174085735,Undirected,72523,,,1
120179319,182793830,Undirected,72524,,,1
120179319,217092999,Undirected,72525,,,1
120179319,229471806,Undirected,72526,,,1
120179319,275146452,Undirected,72527,,,1
120179319,298711059,Undirected,72528,,,1
115951892,7212979,Undirected,72529,,,1
115951892,66953272,Undirected,72530,,,1
115951892,75635939,Undirected,72531,,,1
115951892,92060343,Undirected,72532,,,1
115951892,135373721,Undirected,72533,,,1
115951892,135446161,Undirected,72534,,,1
115951892,137948605,Undirected,72535,,,1
115951892,138226638,Undirected,72536,,,1
115951892,142632180,Undirected,72537,,,1
115951892,152288751,Undirected,72538,,,1
115951892,163730915,Undirected,72539,,,1
115951892,174085735,Undirected,72540,,,1
115951892,181619782,Undirected,72541,,,1
115951892,216421160,Undirected,72542,,,1
115951892,335195107,Undirected,72543,,,1
169891746,7212979,Undirected,72544,,,1
169891746,66953272,Undirected,72545,,,1
169891746,75635939,Undirected,72546,,,1
169891746,130229441,Undirected,72547,,,1
169891746,131355690,Undirected,72548,,,1
169891746,135446161,Undirected,72549,,,1
169891746,137948605,Undirected,72550,,,1
169891746,138226638,Undirected,72551,,,1
169891746,138669928,Undirected,72552,,,1
169891746,142632180,Undirected,72553,,,1
169891746,145379012,Undirected,72554,,,1
169891746,151886584,Undirected,72555,,,1
169891746,151978478,Undirected,72556,,,1
169891746,163730915,Undirected,72557,,,1
169891746,174093998,Undirected,72558,,,1
169891746,177974964,Undirected,72559,,,1
169891746,182793830,Undirected,72560,,,1
169891746,217092999,Undirected,72561,,,1
169891746,253298082,Undirected,72562,,,1
169891746,266927028,Undirected,72563,,,1
169891746,280525658,Undirected,72564,,,1
169891746,283089883,Undirected,72565,,,1
169891746,298711059,Undirected,72566,,,1
169891746,335195107,Undirected,72567,,,1
169891746,358001736,Undirected,72568,,,1
275697092,142632180,Undirected,72569,,,1
275697092,168203826,Undirected,72570,,,1
275697092,229471806,Undirected,72571,,,1
275697092,286118912,Undirected,72572,,,1
275697092,326169156,Undirected,72573,,,1
275697092,326193480,Undirected,72574,,,1
275697092,328558533,Undirected,72575,,,1
275697092,339992367,Undirected,72576,,,1
275697092,371326720,Undirected,72577,,,1
275697092,382528021,Undirected,72578,,,1
275697092,406955770,Undirected,72579,,,1
275697092,489091135,Undirected,72580,,,1
145379012,7212979,Undirected,72581,,,1
145379012,10447459,Undirected,72582,,,1
145379012,136208885,Undirected,72583,,,1
145379012,151725827,Undirected,72584,,,1
145379012,65875061,Undirected,72585,,,1
145379012,135892323,Undirected,72586,,,1
145379012,207080978,Undirected,72587,,,1
145379012,82210732,Undirected,72588,,,1
145379012,209041156,Undirected,72589,,,1
145379012,71883143,Undirected,72590,,,1
145379012,133913319,Undirected,72591,,,1
145379012,152362221,Undirected,72592,,,1
145379012,238435946,Undirected,72593,,,1
489373999,130229441,Undirected,72594,,,1
489373999,142632180,Undirected,72595,,,1
489373999,246481542,Undirected,72596,,,1
489373999,303095365,Undirected,72597,,,1
489373999,328558533,Undirected,72598,,,1
489373999,343179231,Undirected,72599,,,1
489373999,406955770,Undirected,72600,,,1
489373999,516746519,Undirected,72601,,,1
489373999,534882288,Undirected,72602,,,1
489373999,550387844,Undirected,72603,,,1
489373999,552532100,Undirected,72604,,,1
489373999,557164485,Undirected,72605,,,1
489373999,559363887,Undirected,72606,,,1
130229441,36102348,Undirected,72607,,,1
130229441,67404479,Undirected,72608,,,1
130229441,40362866,Undirected,72609,,,1
130229441,135161208,Undirected,72610,,,1
130229441,165479849,Undirected,72611,,,1
130229441,251586126,Undirected,72612,,,1
130229441,151725827,Undirected,72613,,,1
130229441,139118476,Undirected,72614,,,1
130229441,135892323,Undirected,72615,,,1
130229441,73272828,Undirected,72616,,,1
130229441,207080978,Undirected,72617,,,1
130229441,24547229,Undirected,72618,,,1
130229441,108180241,Undirected,72619,,,1
130229441,54588236,Undirected,72620,,,1
130229441,10663212,Undirected,72621,,,1
130229441,537728627,Undirected,72622,,,1
130229441,71883143,Undirected,72623,,,1
130229441,205445869,Undirected,72624,,,1
130229441,44784586,Undirected,72625,,,1
130229441,36756507,Undirected,72626,,,1
130229441,152362221,Undirected,72627,,,1
130229441,65109381,Undirected,72628,,,1
130229441,220200611,Undirected,72629,,,1
130229441,406955770,Undirected,72630,,,1
130229441,489091135,Undirected,72631,,,1
130229441,534882288,Undirected,72632,,,1
130229441,559363887,Undirected,72633,,,1
163730915,40362866,Undirected,72634,,,1
163730915,47862023,Undirected,72635,,,1
163730915,136208885,Undirected,72636,,,1
163730915,102318620,Undirected,72637,,,1
163730915,65875061,Undirected,72638,,,1
163730915,73272828,Undirected,72639,,,1
163730915,153204015,Undirected,72640,,,1
163730915,73815532,Undirected,72641,,,1
163730915,112752674,Undirected,72642,,,1
163730915,133913319,Undirected,72643,,,1
163730915,205445869,Undirected,72644,,,1
163730915,53607529,Undirected,72645,,,1
163730915,71474608,Undirected,72646,,,1
163730915,238435946,Undirected,72647,,,1
163730915,73260737,Undirected,72648,,,1
326193480,24547229,Undirected,72649,,,1
326193480,54588236,Undirected,72650,,,1
326193480,263857511,Undirected,72651,,,1
326193480,318186982,Undirected,72652,,,1
326193480,503138605,Undirected,72653,,,1
326193480,311807631,Undirected,72654,,,1
326193480,112463747,Undirected,72655,,,1
326193480,296333445,Undirected,72656,,,1
326193480,537728627,Undirected,72657,,,1
156790498,7212979,Undirected,72658,,,1
156790498,36102348,Undirected,72659,,,1
156790498,40362866,Undirected,72660,,,1
156790498,73815532,Undirected,72661,,,1
156790498,71883143,Undirected,72662,,,1
156790498,67452079,Undirected,72663,,,1
156790498,121715946,Undirected,72664,,,1
112463747,142632180,Undirected,72665,,,1
112463747,168203826,Undirected,72666,,,1
112463747,229471806,Undirected,72667,,,1
112463747,246481542,Undirected,72668,,,1
112463747,253298082,Undirected,72669,,,1
112463747,286118912,Undirected,72670,,,1
112463747,328558533,Undirected,72671,,,1
112463747,339992367,Undirected,72672,,,1
112463747,343179231,Undirected,72673,,,1
112463747,363112213,Undirected,72674,,,1
112463747,553990976,Undirected,72675,,,1
489091135,142632180,Undirected,72676,,,1
489091135,207614125,Undirected,72677,,,1
489091135,2455124,Undirected,72678,,,1
489091135,10447459,Undirected,72679,,,1
489091135,24547229,Undirected,72680,,,1
489091135,54588236,Undirected,72681,,,1
489091135,341065906,Undirected,72682,,,1
489091135,263857511,Undirected,72683,,,1
489091135,503138605,Undirected,72684,,,1
489091135,311807631,Undirected,72685,,,1
489091135,296333445,Undirected,72686,,,1
489091135,537728627,Undirected,72687,,,1
236922007,142632180,Undirected,72688,,,1
236922007,303095365,Undirected,72689,,,1
236922007,343179231,Undirected,72690,,,1
236922007,516746519,Undirected,72691,,,1
236922007,534882288,Undirected,72692,,,1
236922007,550387844,Undirected,72693,,,1
236922007,552532100,Undirected,72694,,,1
236922007,559363887,Undirected,72695,,,1
236922007,566157702,Undirected,72696,,,1
188988354,104467153,Undirected,72697,,,1
188988354,67863405,Undirected,72698,,,1
188988354,121715946,Undirected,72699,,,1
188988354,318186982,Undirected,72700,,,1
188988354,218711918,Undirected,72701,,,1
188988354,169422154,Undirected,72702,,,1
188988354,211194578,Undirected,72703,,,1
188988354,209041156,Undirected,72704,,,1
188988354,268352745,Undirected,72705,,,1
462671487,142632180,Undirected,72706,,,1
462671487,108180241,Undirected,72707,,,1
462671487,126692297,Undirected,72708,,,1
462671487,341065906,Undirected,72709,,,1
462671487,237339816,Undirected,72710,,,1
462671487,263857511,Undirected,72711,,,1
462671487,218711918,Undirected,72712,,,1
462671487,503138605,Undirected,72713,,,1
462671487,255085858,Undirected,72714,,,1
462671487,211194578,Undirected,72715,,,1
462671487,268352745,Undirected,72716,,,1
2455124,168203826,Undirected,72717,,,1
2455124,229471806,Undirected,72718,,,1
2455124,286118912,Undirected,72719,,,1
2455124,328558533,Undirected,72720,,,1
2455124,371326720,Undirected,72721,,,1
2455124,382528021,Undirected,72722,,,1
2455124,459013785,Undirected,72723,,,1
2455124,491562338,Undirected,72724,,,1
210386436,10447459,Undirected,72725,,,1
210386436,24547229,Undirected,72726,,,1
210386436,44784586,Undirected,72727,,,1
210386436,54588236,Undirected,72728,,,1
210386436,71883143,Undirected,72729,,,1
210386436,135161208,Undirected,72730,,,1
210386436,165479849,Undirected,72731,,,1
210386436,537728627,Undirected,72732,,,1
135834460,7212979,Undirected,72733,,,1
135834460,82605916,Undirected,72734,,,1
135834460,91115645,Undirected,72735,,,1
135834460,92060343,Undirected,72736,,,1
135834460,92782254,Undirected,72737,,,1
135834460,134863454,Undirected,72738,,,1
135834460,135446161,Undirected,72739,,,1
135834460,138226638,Undirected,72740,,,1
135834460,145979409,Undirected,72741,,,1
135834460,566157702,Undirected,72742,,,1
534882288,142632180,Undirected,72743,,,1
534882288,36756507,Undirected,72744,,,1
534882288,54588236,Undirected,72745,,,1
534882288,71883143,Undirected,72746,,,1
534882288,264670562,Undirected,72747,,,1
534882288,163420963,Undirected,72748,,,1
246481542,142632180,Undirected,72749,,,1
246481542,168203826,Undirected,72750,,,1
246481542,207614125,Undirected,72751,,,1
246481542,10447459,Undirected,72752,,,1
246481542,24547229,Undirected,72753,,,1
246481542,219738802,Undirected,72754,,,1
246481542,251586126,Undirected,72755,,,1
246481542,341065906,Undirected,72756,,,1
246481542,255355694,Undirected,72757,,,1
246481542,363654891,Undirected,72758,,,1
246481542,459013785,Undirected,72759,,,1
237339816,168203826,Undirected,72760,,,1
237339816,229471806,Undirected,72761,,,1
237339816,253897034,Undirected,72762,,,1
237339816,266927028,Undirected,72763,,,1
237339816,272217186,Undirected,72764,,,1
237339816,298711059,Undirected,72765,,,1
237339816,344955930,Undirected,72766,,,1
237339816,363112213,Undirected,72767,,,1
303095365,24547229,Undirected,72768,,,1
303095365,54588236,Undirected,72769,,,1
303095365,341065906,Undirected,72770,,,1
303095365,251586126,Undirected,72771,,,1
303095365,264670562,Undirected,72772,,,1
112752674,7212979,Undirected,72773,,,1
112752674,66953272,Undirected,72774,,,1
112752674,75635939,Undirected,72775,,,1
112752674,82605916,Undirected,72776,,,1
112752674,91115645,Undirected,72777,,,1
112752674,92060343,Undirected,72778,,,1
112752674,138669928,Undirected,72779,,,1
112752674,142632180,Undirected,72780,,,1
112752674,144031816,Undirected,72781,,,1
112752674,145993464,Undirected,72782,,,1
112752674,182793830,Undirected,72783,,,1
112752674,275146452,Undirected,72784,,,1
174085735,10447459,Undirected,72785,,,1
174085735,40362866,Undirected,72786,,,1
174085735,53607529,Undirected,72787,,,1
174085735,65875061,Undirected,72788,,,1
174085735,73272828,Undirected,72789,,,1
174085735,153204015,Undirected,72790,,,1
174085735,133913319,Undirected,72791,,,1
174085735,205445869,Undirected,72792,,,1
174085735,65109381,Undirected,72793,,,1
174085735,71474608,Undirected,72794,,,1
174085735,238435946,Undirected,72795,,,1
174085735,220200611,Undirected,72796,,,1
135161208,138226638,Undirected,72797,,,1
135161208,145979409,Undirected,72798,,,1
135161208,266927028,Undirected,72799,,,1
135161208,280525658,Undirected,72800,,,1
135161208,344955930,Undirected,72801,,,1
328558533,24547229,Undirected,72802,,,1
328558533,36756507,Undirected,72803,,,1
328558533,54588236,Undirected,72804,,,1
328558533,71883143,Undirected,72805,,,1
328558533,108180241,Undirected,72806,,,1
328558533,341065906,Undirected,72807,,,1
328558533,318186982,Undirected,72808,,,1
328558533,503138605,Undirected,72809,,,1
328558533,255355694,Undirected,72810,,,1
328558533,126692297,Undirected,72811,,,1
65875061,75635939,Undirected,72812,,,1
65875061,135446161,Undirected,72813,,,1
65875061,142632180,Undirected,72814,,,1
65875061,174093998,Undirected,72815,,,1
65875061,174582691,Undirected,72816,,,1
65875061,280525658,Undirected,72817,,,1
145979409,7212979,Undirected,72818,,,1
145979409,40362866,Undirected,72819,,,1
145979409,341065906,Undirected,72820,,,1
145979409,139118476,Undirected,72821,,,1
145979409,47862023,Undirected,72822,,,1
145979409,73815532,Undirected,72823,,,1
145979409,49887802,Undirected,72824,,,1
145979409,67452079,Undirected,72825,,,1
145979409,121715946,Undirected,72826,,,1
145979409,65109381,Undirected,72827,,,1
116582327,142632180,Undirected,72828,,,1
116582327,177974964,Undirected,72829,,,1
116582327,283089883,Undirected,72830,,,1
116582327,339992367,Undirected,72831,,,1
116582327,491562338,Undirected,72832,,,1
122770041,104467153,Undirected,72833,,,1
122770041,71883143,Undirected,72834,,,1
122770041,142632180,Undirected,72835,,,1
122770041,255085858,Undirected,72836,,,1
122770041,169422154,Undirected,72837,,,1
122770041,220200611,Undirected,72838,,,1
122770041,205335204,Undirected,72839,,,1
122770041,335195107,Undirected,72840,,,1
122770041,358001736,Undirected,72841,,,1
122770041,485624626,Undirected,72842,,,1
218711918,104467153,Undirected,72843,,,1
218711918,135446161,Undirected,72844,,,1
218711918,205335204,Undirected,72845,,,1
218711918,280525658,Undirected,72846,,,1
218711918,283089883,Undirected,72847,,,1
218711918,335195107,Undirected,72848,,,1
218711918,358001736,Undirected,72849,,,1
557164485,142632180,Undirected,72850,,,1
557164485,24547229,Undirected,72851,,,1
557164485,36756507,Undirected,72852,,,1
557164485,54588236,Undirected,72853,,,1
557164485,71883143,Undirected,72854,,,1
557164485,108180241,Undirected,72855,,,1
557164485,264670562,Undirected,72856,,,1
557164485,296333445,Undirected,72857,,,1
491562338,142632180,Undirected,72858,,,1
491562338,168203826,Undirected,72859,,,1
491562338,10447459,Undirected,72860,,,1
491562338,10663212,Undirected,72861,,,1
491562338,24547229,Undirected,72862,,,1
491562338,165479849,Undirected,72863,,,1
491562338,169422154,Undirected,72864,,,1
491562338,251586126,Undirected,72865,,,1
491562338,255355694,Undirected,72866,,,1
491562338,537728627,Undirected,72867,,,1
138669928,7212979,Undirected,72868,,,1
138669928,40362866,Undirected,72869,,,1
138669928,70492813,Undirected,72870,,,1
138669928,64073049,Undirected,72871,,,1
138669928,73272828,Undirected,72872,,,1
138669928,73815532,Undirected,72873,,,1
138669928,205445869,Undirected,72874,,,1
138669928,67452079,Undirected,72875,,,1
138669928,121715946,Undirected,72876,,,1
138669928,152362221,Undirected,72877,,,1
138669928,65109381,Undirected,72878,,,1
219738802,142632180,Undirected,72879,,,1
219738802,181619782,Undirected,72880,,,1
219738802,229471806,Undirected,72881,,,1
219738802,272217186,Undirected,72882,,,1
219738802,296561587,Undirected,72883,,,1
219738802,343179231,Undirected,72884,,,1
219738802,406955770,Undirected,72885,,,1
251586126,142632180,Undirected,72886,,,1
251586126,168203826,Undirected,72887,,,1
251586126,238984841,Undirected,72888,,,1
251586126,246134027,Undirected,72889,,,1
251586126,272217186,Undirected,72890,,,1
251586126,296561587,Undirected,72891,,,1
251586126,343179231,Undirected,72892,,,1
251586126,363654891,Undirected,72893,,,1
251586126,552532100,Undirected,72894,,,1
516746519,24547229,Undirected,72895,,,1
516746519,54588236,Undirected,72896,,,1
516746519,71883143,Undirected,72897,,,1
516746519,169422154,Undirected,72898,,,1
516746519,264670562,Undirected,72899,,,1
516746519,296333445,Undirected,72900,,,1
516746519,238435946,Undirected,72901,,,1
10447459,66953272,Undirected,72902,,,1
10447459,82605916,Undirected,72903,,,1
10447459,131355690,Undirected,72904,,,1
10447459,135446161,Undirected,72905,,,1
10447459,138226638,Undirected,72906,,,1
10447459,142632180,Undirected,72907,,,1
10447459,151886584,Undirected,72908,,,1
10447459,177974964,Undirected,72909,,,1
10447459,182793830,Undirected,72910,,,1
10447459,207614125,Undirected,72911,,,1
10447459,216421160,Undirected,72912,,,1
10447459,253298082,Undirected,72913,,,1
10447459,283089883,Undirected,72914,,,1
10447459,363112213,Undirected,72915,,,1
10447459,382528021,Undirected,72916,,,1
10447459,406955770,Undirected,72917,,,1
10447459,485624626,Undirected,72918,,,1
335195107,75635939,Undirected,72919,,,1
335195107,104467153,Undirected,72920,,,1
335195107,71883143,Undirected,72921,,,1
335195107,169422154,Undirected,72922,,,1
335195107,207080978,Undirected,72923,,,1
335195107,152362221,Undirected,72924,,,1
335195107,220200611,Undirected,72925,,,1
559363887,138226638,Undirected,72926,,,1
559363887,142632180,Undirected,72927,,,1
559363887,174582691,Undirected,72928,,,1
559363887,24547229,Undirected,72929,,,1
559363887,71883143,Undirected,72930,,,1
559363887,108180241,Undirected,72931,,,1
559363887,318186982,Undirected,72932,,,1
153204015,66953272,Undirected,72933,,,1
153204015,75635939,Undirected,72934,,,1
153204015,88620017,Undirected,72935,,,1
153204015,137948605,Undirected,72936,,,1
153204015,138226638,Undirected,72937,,,1
153204015,143058833,Undirected,72938,,,1
153204015,152288751,Undirected,72939,,,1
153204015,296561587,Undirected,72940,,,1
153204015,344955930,Undirected,72941,,,1
135892323,75635939,Undirected,72942,,,1
135892323,131355690,Undirected,72943,,,1
135892323,134863454,Undirected,72944,,,1
135892323,138226638,Undirected,72945,,,1
135892323,142632180,Undirected,72946,,,1
135892323,151978478,Undirected,72947,,,1
135892323,177974964,Undirected,72948,,,1
135892323,182793830,Undirected,72949,,,1
135892323,298711059,Undirected,72950,,,1
135892323,339992367,Undirected,72951,,,1
135892323,363112213,Undirected,72952,,,1
73260737,66953272,Undirected,72953,,,1
73260737,75635939,Undirected,72954,,,1
73260737,88620017,Undirected,72955,,,1
73260737,131355690,Undirected,72956,,,1
73260737,137948605,Undirected,72957,,,1
73260737,138226638,Undirected,72958,,,1
73260737,142632180,Undirected,72959,,,1
73260737,152288751,Undirected,72960,,,1
73260737,177974964,Undirected,72961,,,1
73260737,181629825,Undirected,72962,,,1
73260737,182793830,Undirected,72963,,,1
73260737,216421160,Undirected,72964,,,1
73260737,363112213,Undirected,72965,,,1
253897034,36756507,Undirected,72966,,,1
253897034,263857511,Undirected,72967,,,1
253897034,318186982,Undirected,72968,,,1
253897034,503138605,Undirected,72969,,,1
253897034,255355694,Undirected,72970,,,1
253897034,126692297,Undirected,72971,,,1
253897034,255085858,Undirected,72972,,,1
253897034,211194578,Undirected,72973,,,1
253897034,108180241,Undirected,72974,,,1
194331076,167028125,Undirected,72975,,,1
194331076,174093998,Undirected,72976,,,1
194331076,280525658,Undirected,72977,,,1
194331076,298711059,Undirected,72978,,,1
194331076,344955930,Undirected,72979,,,1
194331076,363112213,Undirected,72980,,,1
194331076,485624626,Undirected,72981,,,1
167028125,71474608,Undirected,72982,,,1
167028125,71883143,Undirected,72983,,,1
167028125,205445869,Undirected,72984,,,1
344955930,40362866,Undirected,72985,,,1
344955930,263857511,Undirected,72986,,,1
344955930,47862023,Undirected,72987,,,1
344955930,73815532,Undirected,72988,,,1
344955930,71883143,Undirected,72989,,,1
344955930,133913319,Undirected,72990,,,1
344955930,205445869,Undirected,72991,,,1
344955930,44784586,Undirected,72992,,,1
344955930,220200611,Undirected,72993,,,1
344955930,167894811,Undirected,72994,,,1
71883143,75635939,Undirected,72995,,,1
71883143,104467153,Undirected,72996,,,1
71883143,131355690,Undirected,72997,,,1
71883143,135446161,Undirected,72998,,,1
71883143,138226638,Undirected,72999,,,1
71883143,142632180,Undirected,73000,,,1
71883143,144031816,Undirected,73001,,,1
71883143,151978478,Undirected,73002,,,1
71883143,174093998,Undirected,73003,,,1
71883143,174582691,Undirected,73004,,,1
71883143,182793830,Undirected,73005,,,1
71883143,205335204,Undirected,73006,,,1
71883143,217092999,Undirected,73007,,,1
71883143,238984841,Undirected,73008,,,1
71883143,253298082,Undirected,73009,,,1
71883143,266927028,Undirected,73010,,,1
71883143,280525658,Undirected,73011,,,1
71883143,283089883,Undirected,73012,,,1
71883143,298711059,Undirected,73013,,,1
71883143,339992367,Undirected,73014,,,1
71883143,363112213,Undirected,73015,,,1
71883143,485624626,Undirected,73016,,,1
71883143,550387844,Undirected,73017,,,1
71883143,552532100,Undirected,73018,,,1
71883143,553990976,Undirected,73019,,,1
71883143,566157702,Undirected,73020,,,1
168203826,24547229,Undirected,73021,,,1
168203826,54588236,Undirected,73022,,,1
168203826,341065906,Undirected,73023,,,1
168203826,263857511,Undirected,73024,,,1
168203826,165479849,Undirected,73025,,,1
168203826,318186982,Undirected,73026,,,1
168203826,503138605,Undirected,73027,,,1
168203826,255355694,Undirected,73028,,,1
168203826,126692297,Undirected,73029,,,1
168203826,255085858,Undirected,73030,,,1
168203826,211194578,Undirected,73031,,,1
168203826,167894811,Undirected,73032,,,1
168203826,238984841,Undirected,73033,,,1
168203826,246134027,Undirected,73034,,,1
168203826,286118912,Undirected,73035,,,1
168203826,363654891,Undirected,73036,,,1
168203826,371326720,Undirected,73037,,,1
168203826,406955770,Undirected,73038,,,1
168203826,417693424,Undirected,73039,,,1
168203826,459013785,Undirected,73040,,,1
168203826,553990976,Undirected,73041,,,1
318186982,142632180,Undirected,73042,,,1
318186982,286118912,Undirected,73043,,,1
318186982,326169156,Undirected,73044,,,1
318186982,343179231,Undirected,73045,,,1
318186982,550387844,Undirected,73046,,,1
318186982,552532100,Undirected,73047,,,1
151978478,7212979,Undirected,73048,,,1
151978478,40362866,Undirected,73049,,,1
151978478,139133946,Undirected,73050,,,1
151978478,169422154,Undirected,73051,,,1
151978478,73272828,Undirected,73052,,,1
151978478,207080978,Undirected,73053,,,1
151978478,73815532,Undirected,73054,,,1
151978478,205445869,Undirected,73055,,,1
151978478,163420963,Undirected,73056,,,1
151978478,53607529,Undirected,73057,,,1
151978478,268352745,Undirected,73058,,,1
151978478,152362221,Undirected,73059,,,1
151978478,238435946,Undirected,73060,,,1
296333445,142632180,Undirected,73061,,,1
296333445,296561587,Undirected,73062,,,1
296333445,459013785,Undirected,73063,,,1
296333445,550387844,Undirected,73064,,,1
296333445,552532100,Undirected,73065,,,1
296333445,566157702,Undirected,73066,,,1
67452079,82605916,Undirected,73067,,,1
67452079,92782254,Undirected,73068,,,1
67452079,134863454,Undirected,73069,,,1
67452079,135373721,Undirected,73070,,,1
67452079,138226638,Undirected,73071,,,1
67452079,142632180,Undirected,73072,,,1
67452079,272217186,Undirected,73073,,,1
102318620,66953272,Undirected,73074,,,1
102318620,75635939,Undirected,73075,,,1
102318620,137948605,Undirected,73076,,,1
102318620,138226638,Undirected,73077,,,1
102318620,142632180,Undirected,73078,,,1
102318620,152288751,Undirected,73079,,,1
102318620,181629825,Undirected,73080,,,1
102318620,216421160,Undirected,73081,,,1
283089883,104467153,Undirected,73082,,,1
283089883,44784586,Undirected,73083,,,1
283089883,73272828,Undirected,73084,,,1
283089883,169422154,Undirected,73085,,,1
283089883,211194578,Undirected,73086,,,1
283089883,167894811,Undirected,73087,,,1
358001736,104467153,Undirected,73088,,,1
358001736,131355690,Undirected,73089,,,1
358001736,151886584,Undirected,73090,,,1
358001736,36102348,Undirected,73091,,,1
358001736,165479849,Undirected,73092,,,1
358001736,169422154,Undirected,73093,,,1
358001736,205445869,Undirected,73094,,,1
358001736,220200611,Undirected,73095,,,1
358001736,167894811,Undirected,73096,,,1
298711059,73272828,Undirected,73097,,,1
298711059,136208885,Undirected,73098,,,1
298711059,503138605,Undirected,73099,,,1
298711059,82210732,Undirected,73100,,,1
298711059,133913319,Undirected,73101,,,1
298711059,205445869,Undirected,73102,,,1
298711059,163420963,Undirected,73103,,,1
298711059,152362221,Undirected,73104,,,1
298711059,167894811,Undirected,73105,,,1
137948605,75635939,Undirected,73106,,,1
137948605,88620017,Undirected,73107,,,1
137948605,47862023,Undirected,73108,,,1
137948605,73272828,Undirected,73109,,,1
137948605,205445869,Undirected,73110,,,1
382528021,142632180,Undirected,73111,,,1
382528021,36756507,Undirected,73112,,,1
382528021,165479849,Undirected,73113,,,1
382528021,169422154,Undirected,73114,,,1
382528021,263857511,Undirected,73115,,,1
73815532,7212979,Undirected,73116,,,1
73815532,66953272,Undirected,73117,,,1
73815532,75635939,Undirected,73118,,,1
73815532,82605916,Undirected,73119,,,1
73815532,91115645,Undirected,73120,,,1
73815532,92060343,Undirected,73121,,,1
73815532,92782254,Undirected,73122,,,1
73815532,134863454,Undirected,73123,,,1
73815532,135446161,Undirected,73124,,,1
73815532,138226638,Undirected,73125,,,1
73815532,142632180,Undirected,73126,,,1
73815532,143058833,Undirected,73127,,,1
73815532,144031816,Undirected,73128,,,1
73815532,145993464,Undirected,73129,,,1
73815532,174582691,Undirected,73130,,,1
73815532,177974964,Undirected,73131,,,1
73815532,182793830,Undirected,73132,,,1
73815532,217092999,Undirected,73133,,,1
311807631,104467153,Undirected,73134,,,1
311807631,142632180,Undirected,73135,,,1
311807631,177974964,Undirected,73136,,,1
311807631,246134027,Undirected,73137,,,1
311807631,280525658,Undirected,73138,,,1
311807631,286118912,Undirected,73139,,,1
36102348,142632180,Undirected,73140,,,1
36102348,174093998,Undirected,73141,,,1
36102348,174582691,Undirected,73142,,,1
36102348,280525658,Undirected,73143,,,1
36102348,363112213,Undirected,73144,,,1
36102348,485624626,Undirected,73145,,,1
75635939,7212979,Undirected,73146,,,1
75635939,24547229,Undirected,73147,,,1
75635939,70492813,Undirected,73148,,,1
75635939,67404479,Undirected,73149,,,1
75635939,40362866,Undirected,73150,,,1
75635939,73272828,Undirected,73151,,,1
75635939,54251725,Undirected,73152,,,1
75635939,47862023,Undirected,73153,,,1
75635939,49887802,Undirected,73154,,,1
75635939,205445869,Undirected,73155,,,1
75635939,53607529,Undirected,73156,,,1
75635939,65109381,Undirected,73157,,,1
75635939,71474608,Undirected,73158,,,1
75635939,238435946,Undirected,73159,,,1
75635939,220200611,Undirected,73160,,,1
143058833,7212979,Undirected,73161,,,1
143058833,10663212,Undirected,73162,,,1
143058833,67404479,Undirected,73163,,,1
143058833,40362866,Undirected,73164,,,1
143058833,151725827,Undirected,73165,,,1
143058833,64073049,Undirected,73166,,,1
143058833,53607529,Undirected,73167,,,1
143058833,121715946,Undirected,73168,,,1
143058833,315719045,Undirected,73169,,,1
143058833,71474608,Undirected,73170,,,1
205335204,104467153,Undirected,73171,,,1
205335204,142632180,Undirected,73172,,,1
205335204,54588236,Undirected,73173,,,1
49887802,7212979,Undirected,73174,,,1
49887802,64849239,Undirected,73175,,,1
49887802,66953272,Undirected,73176,,,1
49887802,92060343,Undirected,73177,,,1
49887802,92782254,Undirected,73178,,,1
49887802,138226638,Undirected,73179,,,1
49887802,266927028,Undirected,73180,,,1
181629825,88620017,Undirected,73181,,,1
181629825,47862023,Undirected,73182,,,1
181629825,73272828,Undirected,73183,,,1
181629825,205445869,Undirected,73184,,,1
66953272,7212979,Undirected,73185,,,1
66953272,70492813,Undirected,73186,,,1
66953272,40362866,Undirected,73187,,,1
66953272,64073049,Undirected,73188,,,1
66953272,73272828,Undirected,73189,,,1
66953272,133913319,Undirected,73190,,,1
66953272,205445869,Undirected,73191,,,1
66953272,53607529,Undirected,73192,,,1
66953272,71474608,Undirected,73193,,,1
66953272,238435946,Undirected,73194,,,1
66953272,152288751,Undirected,73195,,,1
66953272,216421160,Undirected,73196,,,1
326169156,71474608,Undirected,73197,,,1
326169156,126692297,Undirected,73198,,,1
326169156,503138605,Undirected,73199,,,1
326169156,255355694,Undirected,73200,,,1
326169156,255085858,Undirected,73201,,,1
326169156,211194578,Undirected,73202,,,1
133913319,138226638,Undirected,73203,,,1
133913319,151886584,Undirected,73204,,,1
133913319,182793830,Undirected,73205,,,1
133913319,229471806,Undirected,73206,,,1
133913319,363112213,Undirected,73207,,,1
181619782,142632180,Undirected,73208,,,1
181619782,152288751,Undirected,73209,,,1
181619782,126692297,Undirected,73210,,,1
181619782,263857511,Undirected,73211,,,1
181619782,503138605,Undirected,73212,,,1
181619782,255085858,Undirected,73213,,,1
181619782,268352745,Undirected,73214,,,1
181619782,553990976,Undirected,73215,,,1
503138605,138226638,Undirected,73216,,,1
503138605,142632180,Undirected,73217,,,1
503138605,144031816,Undirected,73218,,,1
503138605,229471806,Undirected,73219,,,1
503138605,238984841,Undirected,73220,,,1
503138605,246134027,Undirected,73221,,,1
503138605,272217186,Undirected,73222,,,1
503138605,286118912,Undirected,73223,,,1
503138605,296561587,Undirected,73224,,,1
503138605,339992367,Undirected,73225,,,1
503138605,343179231,Undirected,73226,,,1
503138605,371326720,Undirected,73227,,,1
503138605,406955770,Undirected,73228,,,1
503138605,417693424,Undirected,73229,,,1
503138605,459013785,Undirected,73230,,,1
503138605,553990976,Undirected,73231,,,1
139133946,131355690,Undirected,73232,,,1
139133946,142632180,Undirected,73233,,,1
139133946,151886584,Undirected,73234,,,1
139133946,177974964,Undirected,73235,,,1
139133946,182793830,Undirected,73236,,,1
139133946,363112213,Undirected,73237,,,1
10663212,134863454,Undirected,73238,,,1
10663212,135446161,Undirected,73239,,,1
10663212,138226638,Undirected,73240,,,1
10663212,142632180,Undirected,73241,,,1
10663212,343179231,Undirected,73242,,,1
10663212,566157702,Undirected,73243,,,1
485624626,104467153,Undirected,73244,,,1
485624626,142632180,Undirected,73245,,,1
485624626,36756507,Undirected,73246,,,1
485624626,108180241,Undirected,73247,,,1
485624626,139118476,Undirected,73248,,,1
485624626,220200611,Undirected,73249,,,1
73272828,7212979,Undirected,73250,,,1
73272828,82605916,Undirected,73251,,,1
73272828,88620017,Undirected,73252,,,1
73272828,92060343,Undirected,73253,,,1
73272828,131355690,Undirected,73254,,,1
73272828,134863454,Undirected,73255,,,1
73272828,135373721,Undirected,73256,,,1
73272828,135446161,Undirected,73257,,,1
73272828,138226638,Undirected,73258,,,1
73272828,142632180,Undirected,73259,,,1
73272828,144031816,Undirected,73260,,,1
73272828,145993464,Undirected,73261,,,1
73272828,177974964,Undirected,73262,,,1
73272828,182793830,Undirected,73263,,,1
73272828,216421160,Undirected,73264,,,1
73272828,217092999,Undirected,73265,,,1
73272828,280525658,Undirected,73266,,,1
73272828,363112213,Undirected,73267,,,1
138226638,136208885,Undirected,73268,,,1
138226638,70492813,Undirected,73269,,,1
138226638,67404479,Undirected,73270,,,1
138226638,40362866,Undirected,73271,,,1
138226638,151725827,Undirected,73272,,,1
138226638,139118476,Undirected,73273,,,1
138226638,64073049,Undirected,73274,,,1
138226638,54251725,Undirected,73275,,,1
138226638,47862023,Undirected,73276,,,1
138226638,205445869,Undirected,73277,,,1
138226638,44784586,Undirected,73278,,,1
138226638,53607529,Undirected,73279,,,1
138226638,121715946,Undirected,73280,,,1
138226638,152362221,Undirected,73281,,,1
138226638,315719045,Undirected,73282,,,1
138226638,65109381,Undirected,73283,,,1
138226638,71474608,Undirected,73284,,,1
138226638,238435946,Undirected,73285,,,1
138226638,220200611,Undirected,73286,,,1
138226638,167894811,Undirected,73287,,,1
54588236,142632180,Undirected,73288,,,1
54588236,174093998,Undirected,73289,,,1
54588236,177974964,Undirected,73290,,,1
54588236,266927028,Undirected,73291,,,1
54588236,363112213,Undirected,73292,,,1
54588236,371326720,Undirected,73293,,,1
54588236,406955770,Undirected,73294,,,1
54588236,417693424,Undirected,73295,,,1
54588236,550387844,Undirected,73296,,,1
54588236,552532100,Undirected,73297,,,1
54588236,553990976,Undirected,73298,,,1
54588236,566157702,Undirected,73299,,,1
341065906,142632180,Undirected,73300,,,1
341065906,229471806,Undirected,73301,,,1
341065906,246134027,Undirected,73302,,,1
341065906,272217186,Undirected,73303,,,1
341065906,286118912,Undirected,73304,,,1
341065906,296561587,Undirected,73305,,,1
341065906,339992367,Undirected,73306,,,1
341065906,343179231,Undirected,73307,,,1
341065906,363654891,Undirected,73308,,,1
341065906,459013785,Undirected,73309,,,1
341065906,552532100,Undirected,73310,,,1
341065906,553990976,Undirected,73311,,,1
343179231,24547229,Undirected,73312,,,1
343179231,36756507,Undirected,73313,,,1
343179231,165479849,Undirected,73314,,,1
343179231,255355694,Undirected,73315,,,1
64849239,7212979,Undirected,73316,,,1
64849239,70492813,Undirected,73317,,,1
64849239,40362866,Undirected,73318,,,1
64849239,64073049,Undirected,73319,,,1
64849239,54251725,Undirected,73320,,,1
64849239,53607529,Undirected,73321,,,1
64849239,71474608,Undirected,73322,,,1
246134027,142632180,Undirected,73323,,,1
246134027,24547229,Undirected,73324,,,1
246134027,255355694,Undirected,73325,,,1
40362866,7212979,Undirected,73326,,,1
40362866,82605916,Undirected,73327,,,1
40362866,92060343,Undirected,73328,,,1
40362866,92782254,Undirected,73329,,,1
40362866,134863454,Undirected,73330,,,1
40362866,135373721,Undirected,73331,,,1
40362866,135446161,Undirected,73332,,,1
40362866,142632180,Undirected,73333,,,1
40362866,144031816,Undirected,73334,,,1
40362866,145993464,Undirected,73335,,,1
40362866,174582691,Undirected,73336,,,1
40362866,182793830,Undirected,73337,,,1
40362866,216421160,Undirected,73338,,,1
40362866,275146452,Undirected,73339,,,1
40362866,363112213,Undirected,73340,,,1
36756507,142632180,Undirected,73341,,,1
36756507,229471806,Undirected,73342,,,1
36756507,286118912,Undirected,73343,,,1
36756507,339992367,Undirected,73344,,,1
36756507,406955770,Undirected,73345,,,1
36756507,552532100,Undirected,73346,,,1
152362221,131355690,Undirected,73347,,,1
152362221,142632180,Undirected,73348,,,1
152362221,151886584,Undirected,73349,,,1
152362221,174093998,Undirected,73350,,,1
152362221,177974964,Undirected,73351,,,1
152362221,182793830,Undirected,73352,,,1
152362221,217092999,Undirected,73353,,,1
152362221,253298082,Undirected,73354,,,1
152362221,296561587,Undirected,73355,,,1
126692297,229471806,Undirected,73356,,,1
126692297,272217186,Undirected,73357,,,1
126692297,296561587,Undirected,73358,,,1
126692297,459013785,Undirected,73359,,,1
126692297,553990976,Undirected,73360,,,1
152288751,44784586,Undirected,73361,,,1
152288751,47862023,Undirected,73362,,,1
152288751,211194578,Undirected,73363,,,1
152288751,205445869,Undirected,73364,,,1
152288751,296561587,Undirected,73365,,,1
64073049,7212979,Undirected,73366,,,1
64073049,82605916,Undirected,73367,,,1
64073049,91115645,Undirected,73368,,,1
64073049,92060343,Undirected,73369,,,1
64073049,92782254,Undirected,73370,,,1
64073049,135446161,Undirected,73371,,,1
64073049,145993464,Undirected,73372,,,1
238435946,144031816,Undirected,73373,,,1
238435946,182793830,Undirected,73374,,,1
238435946,217092999,Undirected,73375,,,1
238435946,363112213,Undirected,73376,,,1
272217186,142632180,Undirected,73377,,,1
272217186,24547229,Undirected,73378,,,1
272217186,54251725,Undirected,73379,,,1
272217186,263857511,Undirected,73380,,,1
272217186,255355694,Undirected,73381,,,1
272217186,163420963,Undirected,73382,,,1
108180241,142632180,Undirected,73383,,,1
108180241,553990976,Undirected,73384,,,1
238984841,142632180,Undirected,73385,,,1
238984841,207614125,Undirected,73386,,,1
238984841,24547229,Undirected,73387,,,1
238984841,255355694,Undirected,73388,,,1
88620017,47862023,Undirected,73389,,,1
88620017,207080978,Undirected,73390,,,1
88620017,205445869,Undirected,73391,,,1
135373721,136208885,Undirected,73392,,,1
135373721,82210732,Undirected,73393,,,1
135373721,54251725,Undirected,73394,,,1
135373721,205445869,Undirected,73395,,,1
135373721,163420963,Undirected,73396,,,1
135373721,53607529,Undirected,73397,,,1
135373721,220200611,Undirected,73398,,,1
550387844,24547229,Undirected,73399,,,1
550387844,264670562,Undirected,73400,,,1
209041156,174093998,Undirected,73401,,,1
209041156,174582691,Undirected,73402,,,1
209041156,182793830,Undirected,73403,,,1
209041156,217092999,Undirected,73404,,,1
209041156,280525658,Undirected,73405,,,1
209041156,363112213,Undirected,73406,,,1
151886584,44784586,Undirected,73407,,,1
151886584,67863405,Undirected,73408,,,1
151886584,136208885,Undirected,73409,,,1
151886584,165479849,Undirected,73410,,,1
151886584,169422154,Undirected,73411,,,1
151886584,207080978,Undirected,73412,,,1
151886584,211194578,Undirected,73413,,,1
151886584,268352745,Undirected,73414,,,1
151886584,167894811,Undirected,73415,,,1
207614125,142632180,Undirected,73416,,,1
207614125,44784586,Undirected,73417,,,1
207614125,151725827,Undirected,73418,,,1
207614125,363654891,Undirected,73419,,,1
207614125,371326720,Undirected,73420,,,1
139118476,134863454,Undirected,73421,,,1
139118476,135446161,Undirected,73422,,,1
139118476,142632180,Undirected,73423,,,1
459013785,142632180,Undirected,73424,,,1
459013785,255355694,Undirected,73425,,,1
92782254,7212979,Undirected,73426,,,1
92782254,44784586,Undirected,73427,,,1
92782254,70492813,Undirected,73428,,,1
92782254,82210732,Undirected,73429,,,1
92782254,54251725,Undirected,73430,,,1
92782254,121715946,Undirected,73431,,,1
92782254,315719045,Undirected,73432,,,1
92782254,275146452,Undirected,73433,,,1
280525658,263857511,Undirected,73434,,,1
280525658,169422154,Undirected,73435,,,1
280525658,205445869,Undirected,73436,,,1
280525658,163420963,Undirected,73437,,,1
280525658,268352745,Undirected,73438,,,1
280525658,220200611,Undirected,73439,,,1
280525658,167894811,Undirected,73440,,,1
229471806,263857511,Undirected,73441,,,1
229471806,255085858,Undirected,73442,,,1
229471806,537728627,Undirected,73443,,,1
229471806,268352745,Undirected,73444,,,1
24547229,131355690,Undirected,73445,,,1
24547229,142632180,Undirected,73446,,,1
24547229,174582691,Undirected,73447,,,1
24547229,177974964,Undirected,73448,,,1
24547229,182793830,Undirected,73449,,,1
24547229,363112213,Undirected,73450,,,1
24547229,363654891,Undirected,73451,,,1
24547229,371326720,Undirected,73452,,,1
24547229,406955770,Undirected,73453,,,1
24547229,417693424,Undirected,73454,,,1
24547229,552532100,Undirected,73455,,,1
24547229,566157702,Undirected,73456,,,1
7212979,70492813,Undirected,73457,,,1
7212979,54251725,Undirected,73458,,,1
7212979,47862023,Undirected,73459,,,1
7212979,205445869,Undirected,73460,,,1
7212979,121715946,Undirected,73461,,,1
7212979,315719045,Undirected,73462,,,1
7212979,65109381,Undirected,73463,,,1
7212979,71474608,Undirected,73464,,,1
7212979,82605916,Undirected,73465,,,1
7212979,91115645,Undirected,73466,,,1
7212979,92060343,Undirected,73467,,,1
7212979,134863454,Undirected,73468,,,1
7212979,135446161,Undirected,73469,,,1
7212979,142632180,Undirected,73470,,,1
7212979,145993464,Undirected,73471,,,1
7212979,182793830,Undirected,73472,,,1
54251725,82605916,Undirected,73473,,,1
54251725,92060343,Undirected,73474,,,1
54251725,134863454,Undirected,73475,,,1
54251725,182793830,Undirected,73476,,,1
537728627,142632180,Undirected,73477,,,1
537728627,286118912,Undirected,73478,,,1
537728627,339992367,Undirected,73479,,,1
537728627,371326720,Undirected,73480,,,1
537728627,406955770,Undirected,73481,,,1
286118912,142632180,Undirected,73482,,,1
286118912,263857511,Undirected,73483,,,1
553990976,142632180,Undirected,73484,,,1
553990976,255355694,Undirected,73485,,,1
553990976,268352745,Undirected,73486,,,1
268352745,142632180,Undirected,73487,,,1
268352745,296561587,Undirected,73488,,,1
163420963,177974964,Undirected,73489,,,1
163420963,182793830,Undirected,73490,,,1
163420963,266927028,Undirected,73491,,,1
163420963,296561587,Undirected,73492,,,1
163420963,417693424,Undirected,73493,,,1
121715946,82605916,Undirected,73494,,,1
121715946,91115645,Undirected,73495,,,1
121715946,92060343,Undirected,73496,,,1
121715946,131355690,Undirected,73497,,,1
121715946,134863454,Undirected,73498,,,1
121715946,135446161,Undirected,73499,,,1
121715946,142632180,Undirected,73500,,,1
121715946,144031816,Undirected,73501,,,1
121715946,145993464,Undirected,73502,,,1
121715946,182793830,Undirected,73503,,,1
255085858,296561587,Undirected,73504,,,1
174582691,205445869,Undirected,73505,,,1
92060343,70492813,Undirected,73506,,,1
92060343,47862023,Undirected,73507,,,1
92060343,205445869,Undirected,73508,,,1
92060343,71474608,Undirected,73509,,,1
104467153,220200611,Undirected,73510,,,1
53607529,144031816,Undirected,73511,,,1
136208885,135446161,Undirected,73512,,,1
136208885,182793830,Undirected,73513,,,1
136208885,217092999,Undirected,73514,,,1
91115645,169422154,Undirected,73515,,,1
91115645,315719045,Undirected,73516,,,1
91115645,275146452,Undirected,73517,,,1
44784586,174093998,Undirected,73518,,,1
44784586,253298082,Undirected,73519,,,1
255355694,142632180,Undirected,73520,,,1
255355694,296561587,Undirected,73521,,,1
255355694,363654891,Undirected,73522,,,1
255355694,371326720,Undirected,73523,,,1
135446161,70492813,Undirected,73524,,,1
135446161,67404479,Undirected,73525,,,1
135446161,67863405,Undirected,73526,,,1
135446161,165479849,Undirected,73527,,,1
135446161,151725827,Undirected,73528,,,1
135446161,205445869,Undirected,73529,,,1
135446161,315719045,Undirected,73530,,,1
135446161,71474608,Undirected,73531,,,1
263857511,142632180,Undirected,73532,,,1
263857511,296561587,Undirected,73533,,,1
263857511,339992367,Undirected,73534,,,1
263857511,371326720,Undirected,73535,,,1
263857511,406955770,Undirected,73536,,,1
552532100,264670562,Undirected,73537,,,1
296561587,142632180,Undirected,73538,,,1
296561587,82210732,Undirected,73539,,,1
363654891,142632180,Undirected,73540,,,1
363654891,253298082,Undirected,73541,,,1
220200611,174093998,Undirected,73542,,,1
220200611,182793830,Undirected,73543,,,1
220200611,266927028,Undirected,73544,,,1
82605916,70492813,Undirected,73545,,,1
82605916,47862023,Undirected,73546,,,1
82605916,315719045,Undirected,73547,,,1
82605916,131355690,Undirected,73548,,,1
82605916,145993464,Undirected,73549,,,1
82605916,275146452,Undirected,73550,,,1
142632180,67404479,Undirected,73551,,,1
142632180,151725827,Undirected,73552,,,1
142632180,169422154,Undirected,73553,,,1
142632180,264670562,Undirected,73554,,,1
142632180,207080978,Undirected,73555,,,1
142632180,82210732,Undirected,73556,,,1
142632180,47862023,Undirected,73557,,,1
142632180,205445869,Undirected,73558,,,1
142632180,167894811,Undirected,73559,,,1
142632180,339992367,Undirected,73560,,,1
142632180,371326720,Undirected,73561,,,1
142632180,406955770,Undirected,73562,,,1
142632180,417693424,Undirected,73563,,,1
142632180,566157702,Undirected,73564,,,1
144031816,70492813,Undirected,73565,,,1
144031816,205445869,Undirected,73566,,,1
167894811,174093998,Undirected,73567,,,1
167894811,253298082,Undirected,73568,,,1
167894811,363112213,Undirected,73569,,,1
216421160,47862023,Undirected,73570,,,1
216421160,205445869,Undirected,73571,,,1
65109381,177974964,Undirected,73572,,,1
65109381,266927028,Undirected,73573,,,1
275146452,315719045,Undirected,73574,,,1
363112213,151725827,Undirected,73575,,,1
363112213,207080978,Undirected,73576,,,1
363112213,205445869,Undirected,73577,,,1
264670562,566157702,Undirected,73578,,,1
177974964,67404479,Undirected,73579,,,1
177974964,67863405,Undirected,73580,,,1
177974964,151725827,Undirected,73581,,,1
177974964,207080978,Undirected,73582,,,1
177974964,205445869,Undirected,73583,,,1
406955770,169422154,Undirected,73584,,,1
406955770,207080978,Undirected,73585,,,1
205445869,131355690,Undirected,73586,,,1
205445869,134863454,Undirected,73587,,,1
205445869,145993464,Undirected,73588,,,1
205445869,182793830,Undirected,73589,,,1
205445869,217092999,Undirected,73590,,,1
82210732,182793830,Undirected,73591,,,1
82210732,339992367,Undirected,73592,,,1
67863405,182793830,Undirected,73593,,,1
67863405,217092999,Undirected,73594,,,1
71474608,217092999,Undirected,73595,,,1
417693424,169422154,Undirected,73596,,,1
145993464,47862023,Undirected,73597,,,1
145993464,70492813,Undirected,73598,,,1
145993464,207080978,Undirected,73599,,,1
145993464,315719045,Undirected,73600,,,1
134863454,70492813,Undirected,73601,,,1
134863454,67404479,Undirected,73602,,,1
339992367,207080978,Undirected,73603,,,1
182793830,70492813,Undirected,73604,,,1
182793830,165479849,Undirected,73605,,,1
182793830,151725827,Undirected,73606,,,1
182793830,169422154,Undirected,73607,,,1
182793830,207080978,Undirected,73608,,,1
182793830,47862023,Undirected,73609,,,1
266927028,165479849,Undirected,73610,,,1
266927028,169422154,Undirected,73611,,,1
169422154,217092999,Undirected,73612,,,1
207080978,217092999,Undirected,73613,,,1
151725827,217092999,Undirected,73614,,,1
